-- phpMyAdmin SQL Dump
-- version 4.7.9
-- https://www.phpmyadmin.net/
--
-- Host: 127.0.0.1
-- Generation Time: Apr 11, 2018 at 04:03 AM
-- Server version: 10.1.31-MariaDB
-- PHP Version: 5.6.34

SET SQL_MODE = "NO_AUTO_VALUE_ON_ZERO";
SET AUTOCOMMIT = 0;
START TRANSACTION;
SET time_zone = "+00:00";


/*!40101 SET @OLD_CHARACTER_SET_CLIENT=@@CHARACTER_SET_CLIENT */;
/*!40101 SET @OLD_CHARACTER_SET_RESULTS=@@CHARACTER_SET_RESULTS */;
/*!40101 SET @OLD_COLLATION_CONNECTION=@@COLLATION_CONNECTION */;
/*!40101 SET NAMES utf8mb4 */;

--
-- Database: `best`
--

-- --------------------------------------------------------

--
-- Table structure for table `subjects`
--

CREATE TABLE `subjects` (
  `id` int(10) NOT NULL,
  `name` varchar(225) NOT NULL
) ENGINE=InnoDB DEFAULT CHARSET=utf8;

--
-- Dumping data for table `subjects`
--

INSERT INTO `subjects` (`id`, `name`) VALUES
(1, 'HTML'),
(2, 'CSS'),
(3, 'HTML'),
(4, 'CSS'),
(5, 'HTML'),
(6, 'CSS'),
(7, 'HTML'),
(8, 'CSS'),
(9, 'HTML'),
(10, 'CSS'),
(11, 'HTML'),
(12, 'CSS'),
(13, 'HTML'),
(14, 'CSS'),
(15, 'HTML'),
(16, 'CSS'),
(17, 'HTML'),
(18, 'CSS'),
(19, 'HTML'),
(20, 'CSS'),
(21, 'HTML'),
(22, 'CSS'),
(23, 'HTML'),
(24, 'CSS'),
(25, 'HTML'),
(26, 'CSS'),
(27, 'HTML'),
(28, 'CSS'),
(29, 'HTML'),
(30, 'CSS'),
(31, 'HTML'),
(32, 'CSS'),
(33, 'HTML'),
(34, 'CSS'),
(35, 'HTML'),
(36, 'CSS'),
(37, 'HTML'),
(38, 'CSS'),
(39, 'HTML'),
(40, 'CSS'),
(41, 'HTML'),
(42, 'CSS'),
(43, 'HTML'),
(44, 'CSS'),
(45, 'HTML'),
(46, 'CSS'),
(47, 'HTML'),
(48, 'CSS'),
(49, 'HTML'),
(50, 'CSS'),
(51, 'HTML'),
(52, 'CSS'),
(53, 'HTML'),
(54, 'CSS'),
(55, 'HTML'),
(56, 'CSS'),
(57, 'HTML'),
(58, 'CSS'),
(59, 'HTML'),
(60, 'CSS');

-- --------------------------------------------------------

--
-- Table structure for table `turtorials`
--

CREATE TABLE `turtorials` (
  `id` int(10) NOT NULL,
  `subjects_id` int(3) NOT NULL,
  `title` varchar(225) NOT NULL,
  `created_by` int(3) NOT NULL
) ENGINE=InnoDB DEFAULT CHARSET=utf8;

--
-- Dumping data for table `turtorials`
--

INSERT INTO `turtorials` (`id`, `subjects_id`, `title`, `created_by`) VALUES
(1, 1, 'HTML0', 2),
(2, 1, 'HTML1', 2),
(3, 1, 'HTML2', 2),
(4, 1, 'HTML3', 2),
(5, 1, 'HTML4', 2),
(6, 1, 'HTML5', 2),
(7, 1, 'HTML6', 2),
(8, 1, 'HTML7', 2),
(9, 1, 'HTML8', 2),
(10, 1, 'HTML9', 2),
(11, 1, 'HTML10', 2),
(12, 1, 'HTML11', 2),
(13, 1, 'HTML12', 2),
(14, 1, 'HTML13', 2),
(15, 1, 'HTML14', 2),
(16, 1, 'HTML15', 2),
(17, 1, 'HTML16', 2),
(18, 1, 'HTML17', 2),
(19, 1, 'HTML18', 2),
(20, 1, 'HTML19', 2),
(21, 2, 'CSS0', 2),
(22, 2, 'CSS1', 2),
(23, 2, 'CSS2', 2),
(24, 2, 'CSS3', 2),
(25, 2, 'CSS4', 2),
(26, 2, 'CSS5', 2),
(27, 2, 'CSS6', 2),
(28, 2, 'CSS7', 2),
(29, 2, 'CSS8', 2),
(30, 2, 'CSS9', 2),
(31, 2, 'CSS10', 2),
(32, 2, 'CSS11', 2),
(33, 2, 'CSS12', 2),
(34, 2, 'CSS13', 2),
(35, 2, 'CSS14', 2),
(36, 2, 'CSS15', 2),
(37, 2, 'CSS16', 2),
(38, 2, 'CSS17', 2),
(39, 2, 'CSS18', 2),
(40, 2, 'CSS19', 2),
(41, 3, 'HTML0', 2),
(42, 3, 'HTML1', 2),
(43, 3, 'HTML2', 2),
(44, 3, 'HTML3', 2),
(45, 3, 'HTML4', 2),
(46, 3, 'HTML5', 2),
(47, 3, 'HTML6', 2),
(48, 3, 'HTML7', 2),
(49, 3, 'HTML8', 2),
(50, 3, 'HTML9', 2),
(51, 3, 'HTML10', 2),
(52, 3, 'HTML11', 2),
(53, 3, 'HTML12', 2),
(54, 3, 'HTML13', 2),
(55, 3, 'HTML14', 2),
(56, 3, 'HTML15', 2),
(57, 3, 'HTML16', 2),
(58, 3, 'HTML17', 2),
(59, 3, 'HTML18', 2),
(60, 3, 'HTML19', 2),
(61, 4, 'CSS0', 2),
(62, 4, 'CSS1', 2),
(63, 4, 'CSS2', 2),
(64, 4, 'CSS3', 2),
(65, 4, 'CSS4', 2),
(66, 4, 'CSS5', 2),
(67, 4, 'CSS6', 2),
(68, 4, 'CSS7', 2),
(69, 4, 'CSS8', 2),
(70, 4, 'CSS9', 2),
(71, 4, 'CSS10', 2),
(72, 4, 'CSS11', 2),
(73, 4, 'CSS12', 2),
(74, 4, 'CSS13', 2),
(75, 4, 'CSS14', 2),
(76, 4, 'CSS15', 2),
(77, 4, 'CSS16', 2),
(78, 4, 'CSS17', 2),
(79, 4, 'CSS18', 2),
(80, 4, 'CSS19', 2),
(81, 5, 'HTML0', 2),
(82, 5, 'HTML1', 2),
(83, 5, 'HTML2', 2),
(84, 5, 'HTML3', 2),
(85, 5, 'HTML4', 2),
(86, 5, 'HTML5', 2),
(87, 5, 'HTML6', 2),
(88, 5, 'HTML7', 2),
(89, 5, 'HTML8', 2),
(90, 5, 'HTML9', 2),
(91, 5, 'HTML10', 2),
(92, 5, 'HTML11', 2),
(93, 5, 'HTML12', 2),
(94, 5, 'HTML13', 2),
(95, 5, 'HTML14', 2),
(96, 5, 'HTML15', 2),
(97, 5, 'HTML16', 2),
(98, 5, 'HTML17', 2),
(99, 5, 'HTML18', 2),
(100, 5, 'HTML19', 2),
(101, 6, 'CSS0', 2),
(102, 6, 'CSS1', 2),
(103, 6, 'CSS2', 2),
(104, 6, 'CSS3', 2),
(105, 6, 'CSS4', 2),
(106, 6, 'CSS5', 2),
(107, 6, 'CSS6', 2),
(108, 6, 'CSS7', 2),
(109, 6, 'CSS8', 2),
(110, 6, 'CSS9', 2),
(111, 6, 'CSS10', 2),
(112, 6, 'CSS11', 2),
(113, 6, 'CSS12', 2),
(114, 6, 'CSS13', 2),
(115, 6, 'CSS14', 2),
(116, 6, 'CSS15', 2),
(117, 6, 'CSS16', 2),
(118, 6, 'CSS17', 2),
(119, 6, 'CSS18', 2),
(120, 6, 'CSS19', 2),
(121, 7, 'HTML0', 2),
(122, 7, 'HTML1', 2),
(123, 7, 'HTML2', 2),
(124, 7, 'HTML3', 2),
(125, 7, 'HTML4', 2),
(126, 7, 'HTML5', 2),
(127, 7, 'HTML6', 2),
(128, 7, 'HTML7', 2),
(129, 7, 'HTML8', 2),
(130, 7, 'HTML9', 2),
(131, 7, 'HTML10', 2),
(132, 7, 'HTML11', 2),
(133, 7, 'HTML12', 2),
(134, 7, 'HTML13', 2),
(135, 7, 'HTML14', 2),
(136, 7, 'HTML15', 2),
(137, 7, 'HTML16', 2),
(138, 7, 'HTML17', 2),
(139, 7, 'HTML18', 2),
(140, 7, 'HTML19', 2),
(141, 8, 'CSS0', 2),
(142, 8, 'CSS1', 2),
(143, 8, 'CSS2', 2),
(144, 8, 'CSS3', 2),
(145, 8, 'CSS4', 2),
(146, 8, 'CSS5', 2),
(147, 8, 'CSS6', 2),
(148, 8, 'CSS7', 2),
(149, 8, 'CSS8', 2),
(150, 8, 'CSS9', 2),
(151, 8, 'CSS10', 2),
(152, 8, 'CSS11', 2),
(153, 8, 'CSS12', 2),
(154, 8, 'CSS13', 2),
(155, 8, 'CSS14', 2),
(156, 8, 'CSS15', 2),
(157, 8, 'CSS16', 2),
(158, 8, 'CSS17', 2),
(159, 8, 'CSS18', 2),
(160, 8, 'CSS19', 2),
(161, 9, 'HTML0', 2),
(162, 9, 'HTML1', 2),
(163, 9, 'HTML2', 2),
(164, 9, 'HTML3', 2),
(165, 9, 'HTML4', 2),
(166, 9, 'HTML5', 2),
(167, 9, 'HTML6', 2),
(168, 9, 'HTML7', 2),
(169, 9, 'HTML8', 2),
(170, 9, 'HTML9', 2),
(171, 9, 'HTML10', 2),
(172, 9, 'HTML11', 2),
(173, 9, 'HTML12', 2),
(174, 9, 'HTML13', 2),
(175, 9, 'HTML14', 2),
(176, 9, 'HTML15', 2),
(177, 9, 'HTML16', 2),
(178, 9, 'HTML17', 2),
(179, 9, 'HTML18', 2),
(180, 9, 'HTML19', 2),
(181, 10, 'CSS0', 2),
(182, 10, 'CSS1', 2),
(183, 10, 'CSS2', 2),
(184, 10, 'CSS3', 2),
(185, 10, 'CSS4', 2),
(186, 10, 'CSS5', 2),
(187, 10, 'CSS6', 2),
(188, 10, 'CSS7', 2),
(189, 10, 'CSS8', 2),
(190, 10, 'CSS9', 2),
(191, 10, 'CSS10', 2),
(192, 10, 'CSS11', 2),
(193, 10, 'CSS12', 2),
(194, 10, 'CSS13', 2),
(195, 10, 'CSS14', 2),
(196, 10, 'CSS15', 2),
(197, 10, 'CSS16', 2),
(198, 10, 'CSS17', 2),
(199, 10, 'CSS18', 2),
(200, 10, 'CSS19', 2),
(201, 11, 'HTML0', 2),
(202, 11, 'HTML1', 2),
(203, 11, 'HTML2', 2),
(204, 11, 'HTML3', 2),
(205, 11, 'HTML4', 2),
(206, 11, 'HTML5', 2),
(207, 11, 'HTML6', 2),
(208, 11, 'HTML7', 2),
(209, 11, 'HTML8', 2),
(210, 11, 'HTML9', 2),
(211, 11, 'HTML10', 2),
(212, 11, 'HTML11', 2),
(213, 11, 'HTML12', 2),
(214, 11, 'HTML13', 2),
(215, 11, 'HTML14', 2),
(216, 11, 'HTML15', 2),
(217, 11, 'HTML16', 2),
(218, 11, 'HTML17', 2),
(219, 11, 'HTML18', 2),
(220, 11, 'HTML19', 2),
(221, 12, 'CSS0', 2),
(222, 12, 'CSS1', 2),
(223, 12, 'CSS2', 2),
(224, 12, 'CSS3', 2),
(225, 12, 'CSS4', 2),
(226, 12, 'CSS5', 2),
(227, 12, 'CSS6', 2),
(228, 12, 'CSS7', 2),
(229, 12, 'CSS8', 2),
(230, 12, 'CSS9', 2),
(231, 12, 'CSS10', 2),
(232, 12, 'CSS11', 2),
(233, 12, 'CSS12', 2),
(234, 12, 'CSS13', 2),
(235, 12, 'CSS14', 2),
(236, 12, 'CSS15', 2),
(237, 12, 'CSS16', 2),
(238, 12, 'CSS17', 2),
(239, 12, 'CSS18', 2),
(240, 12, 'CSS19', 2),
(241, 13, 'HTML0', 2),
(242, 13, 'HTML1', 2),
(243, 13, 'HTML2', 2),
(244, 13, 'HTML3', 2),
(245, 13, 'HTML4', 2),
(246, 13, 'HTML5', 2),
(247, 13, 'HTML6', 2),
(248, 13, 'HTML7', 2),
(249, 13, 'HTML8', 2),
(250, 13, 'HTML9', 2),
(251, 13, 'HTML10', 2),
(252, 13, 'HTML11', 2),
(253, 13, 'HTML12', 2),
(254, 13, 'HTML13', 2),
(255, 13, 'HTML14', 2),
(256, 13, 'HTML15', 2),
(257, 13, 'HTML16', 2),
(258, 13, 'HTML17', 2),
(259, 13, 'HTML18', 2),
(260, 13, 'HTML19', 2),
(261, 14, 'CSS0', 2),
(262, 14, 'CSS1', 2),
(263, 14, 'CSS2', 2),
(264, 14, 'CSS3', 2),
(265, 14, 'CSS4', 2),
(266, 14, 'CSS5', 2),
(267, 14, 'CSS6', 2),
(268, 14, 'CSS7', 2),
(269, 14, 'CSS8', 2),
(270, 14, 'CSS9', 2),
(271, 14, 'CSS10', 2),
(272, 14, 'CSS11', 2),
(273, 14, 'CSS12', 2),
(274, 14, 'CSS13', 2),
(275, 14, 'CSS14', 2),
(276, 14, 'CSS15', 2),
(277, 14, 'CSS16', 2),
(278, 14, 'CSS17', 2),
(279, 14, 'CSS18', 2),
(280, 14, 'CSS19', 2),
(281, 15, 'HTML0', 2),
(282, 15, 'HTML1', 2),
(283, 15, 'HTML2', 2),
(284, 15, 'HTML3', 2),
(285, 15, 'HTML4', 2),
(286, 15, 'HTML5', 2),
(287, 15, 'HTML6', 2),
(288, 15, 'HTML7', 2),
(289, 15, 'HTML8', 2),
(290, 15, 'HTML9', 2),
(291, 15, 'HTML10', 2),
(292, 15, 'HTML11', 2),
(293, 15, 'HTML12', 2),
(294, 15, 'HTML13', 2),
(295, 15, 'HTML14', 2),
(296, 15, 'HTML15', 2),
(297, 15, 'HTML16', 2),
(298, 15, 'HTML17', 2),
(299, 15, 'HTML18', 2),
(300, 15, 'HTML19', 2),
(301, 16, 'CSS0', 2),
(302, 16, 'CSS1', 2),
(303, 16, 'CSS2', 2),
(304, 16, 'CSS3', 2),
(305, 16, 'CSS4', 2),
(306, 16, 'CSS5', 2),
(307, 16, 'CSS6', 2),
(308, 16, 'CSS7', 2),
(309, 16, 'CSS8', 2),
(310, 16, 'CSS9', 2),
(311, 16, 'CSS10', 2),
(312, 16, 'CSS11', 2),
(313, 16, 'CSS12', 2),
(314, 16, 'CSS13', 2),
(315, 16, 'CSS14', 2),
(316, 16, 'CSS15', 2),
(317, 16, 'CSS16', 2),
(318, 16, 'CSS17', 2),
(319, 16, 'CSS18', 2),
(320, 16, 'CSS19', 2),
(321, 17, 'HTML0', 2),
(322, 17, 'HTML1', 2),
(323, 17, 'HTML2', 2),
(324, 17, 'HTML3', 2),
(325, 17, 'HTML4', 2),
(326, 17, 'HTML5', 2),
(327, 17, 'HTML6', 2),
(328, 17, 'HTML7', 2),
(329, 17, 'HTML8', 2),
(330, 17, 'HTML9', 2),
(331, 17, 'HTML10', 2),
(332, 17, 'HTML11', 2),
(333, 17, 'HTML12', 2),
(334, 17, 'HTML13', 2),
(335, 17, 'HTML14', 2),
(336, 17, 'HTML15', 2),
(337, 17, 'HTML16', 2),
(338, 17, 'HTML17', 2),
(339, 17, 'HTML18', 2),
(340, 17, 'HTML19', 2),
(341, 18, 'CSS0', 2),
(342, 18, 'CSS1', 2),
(343, 18, 'CSS2', 2),
(344, 18, 'CSS3', 2),
(345, 18, 'CSS4', 2),
(346, 18, 'CSS5', 2),
(347, 18, 'CSS6', 2),
(348, 18, 'CSS7', 2),
(349, 18, 'CSS8', 2),
(350, 18, 'CSS9', 2),
(351, 18, 'CSS10', 2),
(352, 18, 'CSS11', 2),
(353, 18, 'CSS12', 2),
(354, 18, 'CSS13', 2),
(355, 18, 'CSS14', 2),
(356, 18, 'CSS15', 2),
(357, 18, 'CSS16', 2),
(358, 18, 'CSS17', 2),
(359, 18, 'CSS18', 2),
(360, 18, 'CSS19', 2),
(361, 19, 'HTML0', 2),
(362, 19, 'HTML1', 2),
(363, 19, 'HTML2', 2),
(364, 19, 'HTML3', 2),
(365, 19, 'HTML4', 2),
(366, 19, 'HTML5', 2),
(367, 19, 'HTML6', 2),
(368, 19, 'HTML7', 2),
(369, 19, 'HTML8', 2),
(370, 19, 'HTML9', 2),
(371, 19, 'HTML10', 2),
(372, 19, 'HTML11', 2),
(373, 19, 'HTML12', 2),
(374, 19, 'HTML13', 2),
(375, 19, 'HTML14', 2),
(376, 19, 'HTML15', 2),
(377, 19, 'HTML16', 2),
(378, 19, 'HTML17', 2),
(379, 19, 'HTML18', 2),
(380, 19, 'HTML19', 2),
(381, 20, 'CSS0', 2),
(382, 20, 'CSS1', 2),
(383, 20, 'CSS2', 2),
(384, 20, 'CSS3', 2),
(385, 20, 'CSS4', 2),
(386, 20, 'CSS5', 2),
(387, 20, 'CSS6', 2),
(388, 20, 'CSS7', 2),
(389, 20, 'CSS8', 2),
(390, 20, 'CSS9', 2),
(391, 20, 'CSS10', 2),
(392, 20, 'CSS11', 2),
(393, 20, 'CSS12', 2),
(394, 20, 'CSS13', 2),
(395, 20, 'CSS14', 2),
(396, 20, 'CSS15', 2),
(397, 20, 'CSS16', 2),
(398, 20, 'CSS17', 2),
(399, 20, 'CSS18', 2),
(400, 20, 'CSS19', 2),
(401, 5, 'HTML0', 2),
(402, 5, 'HTML1', 2),
(403, 5, 'HTML2', 2),
(404, 5, 'HTML3', 2),
(405, 5, 'HTML4', 2),
(406, 5, 'HTML5', 2),
(407, 5, 'HTML6', 2),
(408, 5, 'HTML7', 2),
(409, 5, 'HTML8', 2),
(410, 5, 'HTML9', 2),
(411, 5, 'HTML10', 2),
(412, 5, 'HTML11', 2),
(413, 5, 'HTML12', 2),
(414, 5, 'HTML13', 2),
(415, 5, 'HTML14', 2),
(416, 5, 'HTML15', 2),
(417, 5, 'HTML16', 2),
(418, 5, 'HTML17', 2),
(419, 5, 'HTML18', 2),
(420, 5, 'HTML19', 2),
(421, 1, 'HTML0', 2),
(422, 1, 'HTML1', 2),
(423, 1, 'HTML2', 2),
(424, 1, 'HTML3', 2),
(425, 1, 'HTML4', 2),
(426, 1, 'HTML5', 2),
(427, 1, 'HTML6', 2),
(428, 1, 'HTML7', 2),
(429, 1, 'HTML8', 2),
(430, 1, 'HTML9', 2),
(431, 1, 'HTML10', 2),
(432, 1, 'HTML11', 2),
(433, 1, 'HTML12', 2),
(434, 1, 'HTML13', 2),
(435, 1, 'HTML14', 2),
(436, 1, 'HTML15', 2),
(437, 1, 'HTML16', 2),
(438, 1, 'HTML17', 2),
(439, 1, 'HTML18', 2),
(440, 1, 'HTML19', 2),
(441, 2, 'CSS0', 2),
(442, 2, 'CSS1', 2),
(443, 2, 'CSS2', 2),
(444, 2, 'CSS3', 2),
(445, 2, 'CSS4', 2),
(446, 2, 'CSS5', 2),
(447, 2, 'CSS6', 2),
(448, 2, 'CSS7', 2),
(449, 2, 'CSS8', 2),
(450, 2, 'CSS9', 2),
(451, 2, 'CSS10', 2),
(452, 2, 'CSS11', 2),
(453, 2, 'CSS12', 2),
(454, 2, 'CSS13', 2),
(455, 2, 'CSS14', 2),
(456, 2, 'CSS15', 2),
(457, 2, 'CSS16', 2),
(458, 2, 'CSS17', 2),
(459, 2, 'CSS18', 2),
(460, 2, 'CSS19', 2),
(461, 3, 'HTML0', 2),
(462, 3, 'HTML1', 2),
(463, 3, 'HTML2', 2),
(464, 3, 'HTML3', 2),
(465, 3, 'HTML4', 2),
(466, 3, 'HTML5', 2),
(467, 3, 'HTML6', 2),
(468, 3, 'HTML7', 2),
(469, 3, 'HTML8', 2),
(470, 3, 'HTML9', 2),
(471, 3, 'HTML10', 2),
(472, 3, 'HTML11', 2),
(473, 3, 'HTML12', 2),
(474, 3, 'HTML13', 2),
(475, 3, 'HTML14', 2),
(476, 3, 'HTML15', 2),
(477, 3, 'HTML16', 2),
(478, 3, 'HTML17', 2),
(479, 3, 'HTML18', 2),
(480, 3, 'HTML19', 2),
(481, 4, 'CSS0', 2),
(482, 4, 'CSS1', 2),
(483, 4, 'CSS2', 2),
(484, 4, 'CSS3', 2),
(485, 4, 'CSS4', 2),
(486, 4, 'CSS5', 2),
(487, 4, 'CSS6', 2),
(488, 4, 'CSS7', 2),
(489, 4, 'CSS8', 2),
(490, 4, 'CSS9', 2),
(491, 4, 'CSS10', 2),
(492, 4, 'CSS11', 2),
(493, 4, 'CSS12', 2),
(494, 4, 'CSS13', 2),
(495, 4, 'CSS14', 2),
(496, 4, 'CSS15', 2),
(497, 4, 'CSS16', 2),
(498, 4, 'CSS17', 2),
(499, 4, 'CSS18', 2),
(500, 4, 'CSS19', 2),
(501, 5, 'HTML0', 2),
(502, 5, 'HTML1', 2),
(503, 5, 'HTML2', 2),
(504, 5, 'HTML3', 2),
(505, 5, 'HTML4', 2),
(506, 5, 'HTML5', 2),
(507, 5, 'HTML6', 2),
(508, 5, 'HTML7', 2),
(509, 5, 'HTML8', 2),
(510, 5, 'HTML9', 2),
(511, 5, 'HTML10', 2),
(512, 5, 'HTML11', 2),
(513, 5, 'HTML12', 2),
(514, 5, 'HTML13', 2),
(515, 5, 'HTML14', 2),
(516, 5, 'HTML15', 2),
(517, 5, 'HTML16', 2),
(518, 5, 'HTML17', 2),
(519, 5, 'HTML18', 2),
(520, 5, 'HTML19', 2),
(521, 6, 'CSS0', 2),
(522, 6, 'CSS1', 2),
(523, 6, 'CSS2', 2),
(524, 6, 'CSS3', 2),
(525, 6, 'CSS4', 2),
(526, 6, 'CSS5', 2),
(527, 6, 'CSS6', 2),
(528, 6, 'CSS7', 2),
(529, 6, 'CSS8', 2),
(530, 6, 'CSS9', 2),
(531, 6, 'CSS10', 2),
(532, 6, 'CSS11', 2),
(533, 6, 'CSS12', 2),
(534, 6, 'CSS13', 2),
(535, 6, 'CSS14', 2),
(536, 6, 'CSS15', 2),
(537, 6, 'CSS16', 2),
(538, 6, 'CSS17', 2),
(539, 6, 'CSS18', 2),
(540, 6, 'CSS19', 2),
(541, 7, 'HTML0', 2),
(542, 7, 'HTML1', 2),
(543, 7, 'HTML2', 2),
(544, 7, 'HTML3', 2),
(545, 7, 'HTML4', 2),
(546, 7, 'HTML5', 2),
(547, 7, 'HTML6', 2),
(548, 7, 'HTML7', 2),
(549, 7, 'HTML8', 2),
(550, 7, 'HTML9', 2),
(551, 7, 'HTML10', 2),
(552, 7, 'HTML11', 2),
(553, 7, 'HTML12', 2),
(554, 7, 'HTML13', 2),
(555, 7, 'HTML14', 2),
(556, 7, 'HTML15', 2),
(557, 7, 'HTML16', 2),
(558, 7, 'HTML17', 2),
(559, 7, 'HTML18', 2),
(560, 7, 'HTML19', 2),
(561, 8, 'CSS0', 2),
(562, 8, 'CSS1', 2),
(563, 8, 'CSS2', 2),
(564, 8, 'CSS3', 2),
(565, 8, 'CSS4', 2),
(566, 8, 'CSS5', 2),
(567, 8, 'CSS6', 2),
(568, 8, 'CSS7', 2),
(569, 8, 'CSS8', 2),
(570, 8, 'CSS9', 2),
(571, 8, 'CSS10', 2),
(572, 8, 'CSS11', 2),
(573, 8, 'CSS12', 2),
(574, 8, 'CSS13', 2),
(575, 8, 'CSS14', 2),
(576, 8, 'CSS15', 2),
(577, 8, 'CSS16', 2),
(578, 8, 'CSS17', 2),
(579, 8, 'CSS18', 2),
(580, 8, 'CSS19', 2),
(581, 9, 'HTML0', 2),
(582, 9, 'HTML1', 2),
(583, 9, 'HTML2', 2),
(584, 9, 'HTML3', 2),
(585, 9, 'HTML4', 2),
(586, 9, 'HTML5', 2),
(587, 9, 'HTML6', 2),
(588, 9, 'HTML7', 2),
(589, 9, 'HTML8', 2),
(590, 9, 'HTML9', 2),
(591, 9, 'HTML10', 2),
(592, 9, 'HTML11', 2),
(593, 9, 'HTML12', 2),
(594, 9, 'HTML13', 2),
(595, 9, 'HTML14', 2),
(596, 9, 'HTML15', 2),
(597, 9, 'HTML16', 2),
(598, 9, 'HTML17', 2),
(599, 9, 'HTML18', 2),
(600, 9, 'HTML19', 2),
(601, 10, 'CSS0', 2),
(602, 10, 'CSS1', 2),
(603, 10, 'CSS2', 2),
(604, 10, 'CSS3', 2),
(605, 10, 'CSS4', 2),
(606, 10, 'CSS5', 2),
(607, 10, 'CSS6', 2),
(608, 10, 'CSS7', 2),
(609, 10, 'CSS8', 2),
(610, 10, 'CSS9', 2),
(611, 10, 'CSS10', 2),
(612, 10, 'CSS11', 2),
(613, 10, 'CSS12', 2),
(614, 10, 'CSS13', 2),
(615, 10, 'CSS14', 2),
(616, 10, 'CSS15', 2),
(617, 10, 'CSS16', 2),
(618, 10, 'CSS17', 2),
(619, 10, 'CSS18', 2),
(620, 10, 'CSS19', 2),
(621, 11, 'HTML0', 2),
(622, 11, 'HTML1', 2),
(623, 11, 'HTML2', 2),
(624, 11, 'HTML3', 2),
(625, 11, 'HTML4', 2),
(626, 11, 'HTML5', 2),
(627, 11, 'HTML6', 2),
(628, 11, 'HTML7', 2),
(629, 11, 'HTML8', 2),
(630, 11, 'HTML9', 2),
(631, 11, 'HTML10', 2),
(632, 11, 'HTML11', 2),
(633, 11, 'HTML12', 2),
(634, 11, 'HTML13', 2),
(635, 11, 'HTML14', 2),
(636, 11, 'HTML15', 2),
(637, 11, 'HTML16', 2),
(638, 11, 'HTML17', 2),
(639, 11, 'HTML18', 2),
(640, 11, 'HTML19', 2),
(641, 12, 'CSS0', 2),
(642, 12, 'CSS1', 2),
(643, 12, 'CSS2', 2),
(644, 12, 'CSS3', 2),
(645, 12, 'CSS4', 2),
(646, 12, 'CSS5', 2),
(647, 12, 'CSS6', 2),
(648, 12, 'CSS7', 2),
(649, 12, 'CSS8', 2),
(650, 12, 'CSS9', 2),
(651, 12, 'CSS10', 2),
(652, 12, 'CSS11', 2),
(653, 12, 'CSS12', 2),
(654, 12, 'CSS13', 2),
(655, 12, 'CSS14', 2),
(656, 12, 'CSS15', 2),
(657, 12, 'CSS16', 2),
(658, 12, 'CSS17', 2),
(659, 12, 'CSS18', 2),
(660, 12, 'CSS19', 2),
(661, 13, 'HTML0', 2),
(662, 13, 'HTML1', 2),
(663, 13, 'HTML2', 2),
(664, 13, 'HTML3', 2),
(665, 13, 'HTML4', 2),
(666, 13, 'HTML5', 2),
(667, 13, 'HTML6', 2),
(668, 13, 'HTML7', 2),
(669, 13, 'HTML8', 2),
(670, 13, 'HTML9', 2),
(671, 13, 'HTML10', 2),
(672, 13, 'HTML11', 2),
(673, 13, 'HTML12', 2),
(674, 13, 'HTML13', 2),
(675, 13, 'HTML14', 2),
(676, 13, 'HTML15', 2),
(677, 13, 'HTML16', 2),
(678, 13, 'HTML17', 2),
(679, 13, 'HTML18', 2),
(680, 13, 'HTML19', 2),
(681, 14, 'CSS0', 2),
(682, 14, 'CSS1', 2),
(683, 14, 'CSS2', 2),
(684, 14, 'CSS3', 2),
(685, 14, 'CSS4', 2),
(686, 14, 'CSS5', 2),
(687, 14, 'CSS6', 2),
(688, 14, 'CSS7', 2),
(689, 14, 'CSS8', 2),
(690, 14, 'CSS9', 2),
(691, 14, 'CSS10', 2),
(692, 14, 'CSS11', 2),
(693, 14, 'CSS12', 2),
(694, 14, 'CSS13', 2),
(695, 14, 'CSS14', 2),
(696, 14, 'CSS15', 2),
(697, 14, 'CSS16', 2),
(698, 14, 'CSS17', 2),
(699, 14, 'CSS18', 2),
(700, 14, 'CSS19', 2),
(701, 15, 'HTML0', 2),
(702, 15, 'HTML1', 2),
(703, 15, 'HTML2', 2),
(704, 15, 'HTML3', 2),
(705, 15, 'HTML4', 2),
(706, 15, 'HTML5', 2),
(707, 15, 'HTML6', 2),
(708, 15, 'HTML7', 2),
(709, 15, 'HTML8', 2),
(710, 15, 'HTML9', 2),
(711, 15, 'HTML10', 2),
(712, 15, 'HTML11', 2),
(713, 15, 'HTML12', 2),
(714, 15, 'HTML13', 2),
(715, 15, 'HTML14', 2),
(716, 15, 'HTML15', 2),
(717, 15, 'HTML16', 2),
(718, 15, 'HTML17', 2),
(719, 15, 'HTML18', 2),
(720, 15, 'HTML19', 2),
(721, 16, 'CSS0', 2),
(722, 16, 'CSS1', 2),
(723, 16, 'CSS2', 2),
(724, 16, 'CSS3', 2),
(725, 16, 'CSS4', 2),
(726, 16, 'CSS5', 2),
(727, 16, 'CSS6', 2),
(728, 16, 'CSS7', 2),
(729, 16, 'CSS8', 2),
(730, 16, 'CSS9', 2),
(731, 16, 'CSS10', 2),
(732, 16, 'CSS11', 2),
(733, 16, 'CSS12', 2),
(734, 16, 'CSS13', 2),
(735, 16, 'CSS14', 2),
(736, 16, 'CSS15', 2),
(737, 16, 'CSS16', 2),
(738, 16, 'CSS17', 2),
(739, 16, 'CSS18', 2),
(740, 16, 'CSS19', 2),
(741, 17, 'HTML0', 2),
(742, 17, 'HTML1', 2),
(743, 17, 'HTML2', 2),
(744, 17, 'HTML3', 2),
(745, 17, 'HTML4', 2),
(746, 17, 'HTML5', 2),
(747, 17, 'HTML6', 2),
(748, 17, 'HTML7', 2),
(749, 17, 'HTML8', 2),
(750, 17, 'HTML9', 2),
(751, 17, 'HTML10', 2),
(752, 17, 'HTML11', 2),
(753, 17, 'HTML12', 2),
(754, 17, 'HTML13', 2),
(755, 17, 'HTML14', 2),
(756, 17, 'HTML15', 2),
(757, 17, 'HTML16', 2),
(758, 17, 'HTML17', 2),
(759, 17, 'HTML18', 2),
(760, 17, 'HTML19', 2),
(761, 18, 'CSS0', 2),
(762, 18, 'CSS1', 2),
(763, 18, 'CSS2', 2),
(764, 18, 'CSS3', 2),
(765, 18, 'CSS4', 2),
(766, 18, 'CSS5', 2),
(767, 18, 'CSS6', 2),
(768, 18, 'CSS7', 2),
(769, 18, 'CSS8', 2),
(770, 18, 'CSS9', 2),
(771, 18, 'CSS10', 2),
(772, 18, 'CSS11', 2),
(773, 18, 'CSS12', 2),
(774, 18, 'CSS13', 2),
(775, 18, 'CSS14', 2),
(776, 18, 'CSS15', 2),
(777, 18, 'CSS16', 2),
(778, 18, 'CSS17', 2),
(779, 18, 'CSS18', 2),
(780, 18, 'CSS19', 2),
(781, 19, 'HTML0', 2),
(782, 19, 'HTML1', 2),
(783, 19, 'HTML2', 2),
(784, 19, 'HTML3', 2),
(785, 19, 'HTML4', 2),
(786, 19, 'HTML5', 2),
(787, 19, 'HTML6', 2),
(788, 19, 'HTML7', 2),
(789, 19, 'HTML8', 2),
(790, 19, 'HTML9', 2),
(791, 19, 'HTML10', 2),
(792, 19, 'HTML11', 2),
(793, 19, 'HTML12', 2),
(794, 19, 'HTML13', 2),
(795, 19, 'HTML14', 2),
(796, 19, 'HTML15', 2),
(797, 19, 'HTML16', 2),
(798, 19, 'HTML17', 2),
(799, 19, 'HTML18', 2),
(800, 19, 'HTML19', 2),
(801, 20, 'CSS0', 2),
(802, 20, 'CSS1', 2),
(803, 20, 'CSS2', 2),
(804, 20, 'CSS3', 2),
(805, 20, 'CSS4', 2),
(806, 20, 'CSS5', 2),
(807, 20, 'CSS6', 2),
(808, 20, 'CSS7', 2),
(809, 20, 'CSS8', 2),
(810, 20, 'CSS9', 2),
(811, 20, 'CSS10', 2),
(812, 20, 'CSS11', 2),
(813, 20, 'CSS12', 2),
(814, 20, 'CSS13', 2),
(815, 20, 'CSS14', 2),
(816, 20, 'CSS15', 2),
(817, 20, 'CSS16', 2),
(818, 20, 'CSS17', 2),
(819, 20, 'CSS18', 2),
(820, 20, 'CSS19', 2),
(821, 5, 'HTML0', 2),
(822, 5, 'HTML1', 2),
(823, 5, 'HTML2', 2),
(824, 5, 'HTML3', 2),
(825, 5, 'HTML4', 2),
(826, 5, 'HTML5', 2),
(827, 5, 'HTML6', 2),
(828, 5, 'HTML7', 2),
(829, 5, 'HTML8', 2),
(830, 5, 'HTML9', 2),
(831, 5, 'HTML10', 2),
(832, 5, 'HTML11', 2),
(833, 5, 'HTML12', 2),
(834, 5, 'HTML13', 2),
(835, 5, 'HTML14', 2),
(836, 5, 'HTML15', 2),
(837, 5, 'HTML16', 2),
(838, 5, 'HTML17', 2),
(839, 5, 'HTML18', 2),
(840, 5, 'HTML19', 2),
(841, 1, 'HTML0', 2),
(842, 1, 'HTML1', 2),
(843, 1, 'HTML2', 2),
(844, 1, 'HTML3', 2),
(845, 1, 'HTML4', 2),
(846, 1, 'HTML5', 2),
(847, 1, 'HTML6', 2),
(848, 1, 'HTML7', 2),
(849, 1, 'HTML8', 2),
(850, 1, 'HTML9', 2),
(851, 1, 'HTML10', 2),
(852, 1, 'HTML11', 2),
(853, 1, 'HTML12', 2),
(854, 1, 'HTML13', 2),
(855, 1, 'HTML14', 2),
(856, 1, 'HTML15', 2),
(857, 1, 'HTML16', 2),
(858, 1, 'HTML17', 2),
(859, 1, 'HTML18', 2),
(860, 1, 'HTML19', 2),
(861, 2, 'CSS0', 2),
(862, 2, 'CSS1', 2),
(863, 2, 'CSS2', 2),
(864, 2, 'CSS3', 2),
(865, 2, 'CSS4', 2),
(866, 2, 'CSS5', 2),
(867, 2, 'CSS6', 2),
(868, 2, 'CSS7', 2),
(869, 2, 'CSS8', 2),
(870, 2, 'CSS9', 2),
(871, 2, 'CSS10', 2),
(872, 2, 'CSS11', 2),
(873, 2, 'CSS12', 2),
(874, 2, 'CSS13', 2),
(875, 2, 'CSS14', 2),
(876, 2, 'CSS15', 2),
(877, 2, 'CSS16', 2),
(878, 2, 'CSS17', 2),
(879, 2, 'CSS18', 2),
(880, 2, 'CSS19', 2),
(881, 3, 'HTML0', 2),
(882, 3, 'HTML1', 2),
(883, 3, 'HTML2', 2),
(884, 3, 'HTML3', 2),
(885, 3, 'HTML4', 2),
(886, 3, 'HTML5', 2),
(887, 3, 'HTML6', 2),
(888, 3, 'HTML7', 2),
(889, 3, 'HTML8', 2),
(890, 3, 'HTML9', 2),
(891, 3, 'HTML10', 2),
(892, 3, 'HTML11', 2),
(893, 3, 'HTML12', 2),
(894, 3, 'HTML13', 2),
(895, 3, 'HTML14', 2),
(896, 3, 'HTML15', 2),
(897, 3, 'HTML16', 2),
(898, 3, 'HTML17', 2),
(899, 3, 'HTML18', 2),
(900, 3, 'HTML19', 2),
(901, 4, 'CSS0', 2),
(902, 4, 'CSS1', 2),
(903, 4, 'CSS2', 2),
(904, 4, 'CSS3', 2),
(905, 4, 'CSS4', 2),
(906, 4, 'CSS5', 2),
(907, 4, 'CSS6', 2),
(908, 4, 'CSS7', 2),
(909, 4, 'CSS8', 2),
(910, 4, 'CSS9', 2),
(911, 4, 'CSS10', 2),
(912, 4, 'CSS11', 2),
(913, 4, 'CSS12', 2),
(914, 4, 'CSS13', 2),
(915, 4, 'CSS14', 2),
(916, 4, 'CSS15', 2),
(917, 4, 'CSS16', 2),
(918, 4, 'CSS17', 2),
(919, 4, 'CSS18', 2),
(920, 4, 'CSS19', 2),
(921, 5, 'HTML0', 2),
(922, 5, 'HTML1', 2),
(923, 5, 'HTML2', 2),
(924, 5, 'HTML3', 2),
(925, 5, 'HTML4', 2),
(926, 5, 'HTML5', 2),
(927, 5, 'HTML6', 2),
(928, 5, 'HTML7', 2),
(929, 5, 'HTML8', 2),
(930, 5, 'HTML9', 2),
(931, 5, 'HTML10', 2),
(932, 5, 'HTML11', 2),
(933, 5, 'HTML12', 2),
(934, 5, 'HTML13', 2),
(935, 5, 'HTML14', 2),
(936, 5, 'HTML15', 2),
(937, 5, 'HTML16', 2),
(938, 5, 'HTML17', 2),
(939, 5, 'HTML18', 2),
(940, 5, 'HTML19', 2),
(941, 6, 'CSS0', 2),
(942, 6, 'CSS1', 2),
(943, 6, 'CSS2', 2),
(944, 6, 'CSS3', 2),
(945, 6, 'CSS4', 2),
(946, 6, 'CSS5', 2),
(947, 6, 'CSS6', 2),
(948, 6, 'CSS7', 2),
(949, 6, 'CSS8', 2),
(950, 6, 'CSS9', 2),
(951, 6, 'CSS10', 2),
(952, 6, 'CSS11', 2),
(953, 6, 'CSS12', 2),
(954, 6, 'CSS13', 2),
(955, 6, 'CSS14', 2),
(956, 6, 'CSS15', 2),
(957, 6, 'CSS16', 2),
(958, 6, 'CSS17', 2),
(959, 6, 'CSS18', 2),
(960, 6, 'CSS19', 2),
(961, 7, 'HTML0', 2),
(962, 7, 'HTML1', 2),
(963, 7, 'HTML2', 2),
(964, 7, 'HTML3', 2),
(965, 7, 'HTML4', 2),
(966, 7, 'HTML5', 2),
(967, 7, 'HTML6', 2),
(968, 7, 'HTML7', 2),
(969, 7, 'HTML8', 2),
(970, 7, 'HTML9', 2),
(971, 7, 'HTML10', 2),
(972, 7, 'HTML11', 2),
(973, 7, 'HTML12', 2),
(974, 7, 'HTML13', 2),
(975, 7, 'HTML14', 2),
(976, 7, 'HTML15', 2),
(977, 7, 'HTML16', 2),
(978, 7, 'HTML17', 2),
(979, 7, 'HTML18', 2),
(980, 7, 'HTML19', 2),
(981, 8, 'CSS0', 2),
(982, 8, 'CSS1', 2),
(983, 8, 'CSS2', 2),
(984, 8, 'CSS3', 2),
(985, 8, 'CSS4', 2),
(986, 8, 'CSS5', 2),
(987, 8, 'CSS6', 2),
(988, 8, 'CSS7', 2),
(989, 8, 'CSS8', 2),
(990, 8, 'CSS9', 2),
(991, 8, 'CSS10', 2),
(992, 8, 'CSS11', 2),
(993, 8, 'CSS12', 2),
(994, 8, 'CSS13', 2),
(995, 8, 'CSS14', 2),
(996, 8, 'CSS15', 2),
(997, 8, 'CSS16', 2),
(998, 8, 'CSS17', 2),
(999, 8, 'CSS18', 2),
(1000, 8, 'CSS19', 2),
(1001, 9, 'HTML0', 2),
(1002, 9, 'HTML1', 2),
(1003, 9, 'HTML2', 2),
(1004, 9, 'HTML3', 2),
(1005, 9, 'HTML4', 2),
(1006, 9, 'HTML5', 2),
(1007, 9, 'HTML6', 2),
(1008, 9, 'HTML7', 2),
(1009, 9, 'HTML8', 2),
(1010, 9, 'HTML9', 2),
(1011, 9, 'HTML10', 2),
(1012, 9, 'HTML11', 2),
(1013, 9, 'HTML12', 2),
(1014, 9, 'HTML13', 2),
(1015, 9, 'HTML14', 2),
(1016, 9, 'HTML15', 2),
(1017, 9, 'HTML16', 2),
(1018, 9, 'HTML17', 2),
(1019, 9, 'HTML18', 2),
(1020, 9, 'HTML19', 2),
(1021, 10, 'CSS0', 2),
(1022, 10, 'CSS1', 2),
(1023, 10, 'CSS2', 2),
(1024, 10, 'CSS3', 2),
(1025, 10, 'CSS4', 2),
(1026, 10, 'CSS5', 2),
(1027, 10, 'CSS6', 2),
(1028, 10, 'CSS7', 2),
(1029, 10, 'CSS8', 2),
(1030, 10, 'CSS9', 2),
(1031, 10, 'CSS10', 2),
(1032, 10, 'CSS11', 2),
(1033, 10, 'CSS12', 2),
(1034, 10, 'CSS13', 2),
(1035, 10, 'CSS14', 2),
(1036, 10, 'CSS15', 2),
(1037, 10, 'CSS16', 2),
(1038, 10, 'CSS17', 2),
(1039, 10, 'CSS18', 2),
(1040, 10, 'CSS19', 2),
(1041, 11, 'HTML0', 2),
(1042, 11, 'HTML1', 2),
(1043, 11, 'HTML2', 2),
(1044, 11, 'HTML3', 2),
(1045, 11, 'HTML4', 2),
(1046, 11, 'HTML5', 2),
(1047, 11, 'HTML6', 2),
(1048, 11, 'HTML7', 2),
(1049, 11, 'HTML8', 2),
(1050, 11, 'HTML9', 2),
(1051, 11, 'HTML10', 2),
(1052, 11, 'HTML11', 2),
(1053, 11, 'HTML12', 2),
(1054, 11, 'HTML13', 2),
(1055, 11, 'HTML14', 2),
(1056, 11, 'HTML15', 2),
(1057, 11, 'HTML16', 2),
(1058, 11, 'HTML17', 2),
(1059, 11, 'HTML18', 2),
(1060, 11, 'HTML19', 2),
(1061, 12, 'CSS0', 2),
(1062, 12, 'CSS1', 2),
(1063, 12, 'CSS2', 2),
(1064, 12, 'CSS3', 2),
(1065, 12, 'CSS4', 2),
(1066, 12, 'CSS5', 2),
(1067, 12, 'CSS6', 2),
(1068, 12, 'CSS7', 2),
(1069, 12, 'CSS8', 2),
(1070, 12, 'CSS9', 2),
(1071, 12, 'CSS10', 2),
(1072, 12, 'CSS11', 2),
(1073, 12, 'CSS12', 2),
(1074, 12, 'CSS13', 2),
(1075, 12, 'CSS14', 2),
(1076, 12, 'CSS15', 2),
(1077, 12, 'CSS16', 2),
(1078, 12, 'CSS17', 2),
(1079, 12, 'CSS18', 2),
(1080, 12, 'CSS19', 2),
(1081, 13, 'HTML0', 2),
(1082, 13, 'HTML1', 2),
(1083, 13, 'HTML2', 2),
(1084, 13, 'HTML3', 2),
(1085, 13, 'HTML4', 2),
(1086, 13, 'HTML5', 2),
(1087, 13, 'HTML6', 2),
(1088, 13, 'HTML7', 2),
(1089, 13, 'HTML8', 2),
(1090, 13, 'HTML9', 2),
(1091, 13, 'HTML10', 2),
(1092, 13, 'HTML11', 2),
(1093, 13, 'HTML12', 2),
(1094, 13, 'HTML13', 2),
(1095, 13, 'HTML14', 2),
(1096, 13, 'HTML15', 2),
(1097, 13, 'HTML16', 2),
(1098, 13, 'HTML17', 2),
(1099, 13, 'HTML18', 2),
(1100, 13, 'HTML19', 2),
(1101, 14, 'CSS0', 2),
(1102, 14, 'CSS1', 2),
(1103, 14, 'CSS2', 2),
(1104, 14, 'CSS3', 2),
(1105, 14, 'CSS4', 2),
(1106, 14, 'CSS5', 2),
(1107, 14, 'CSS6', 2),
(1108, 14, 'CSS7', 2),
(1109, 14, 'CSS8', 2),
(1110, 14, 'CSS9', 2),
(1111, 14, 'CSS10', 2),
(1112, 14, 'CSS11', 2),
(1113, 14, 'CSS12', 2),
(1114, 14, 'CSS13', 2),
(1115, 14, 'CSS14', 2),
(1116, 14, 'CSS15', 2),
(1117, 14, 'CSS16', 2),
(1118, 14, 'CSS17', 2),
(1119, 14, 'CSS18', 2),
(1120, 14, 'CSS19', 2),
(1121, 15, 'HTML0', 2),
(1122, 15, 'HTML1', 2),
(1123, 15, 'HTML2', 2),
(1124, 15, 'HTML3', 2),
(1125, 15, 'HTML4', 2),
(1126, 15, 'HTML5', 2),
(1127, 15, 'HTML6', 2),
(1128, 15, 'HTML7', 2),
(1129, 15, 'HTML8', 2),
(1130, 15, 'HTML9', 2),
(1131, 15, 'HTML10', 2),
(1132, 15, 'HTML11', 2),
(1133, 15, 'HTML12', 2),
(1134, 15, 'HTML13', 2),
(1135, 15, 'HTML14', 2),
(1136, 15, 'HTML15', 2),
(1137, 15, 'HTML16', 2),
(1138, 15, 'HTML17', 2),
(1139, 15, 'HTML18', 2),
(1140, 15, 'HTML19', 2),
(1141, 16, 'CSS0', 2),
(1142, 16, 'CSS1', 2),
(1143, 16, 'CSS2', 2),
(1144, 16, 'CSS3', 2),
(1145, 16, 'CSS4', 2),
(1146, 16, 'CSS5', 2),
(1147, 16, 'CSS6', 2),
(1148, 16, 'CSS7', 2),
(1149, 16, 'CSS8', 2),
(1150, 16, 'CSS9', 2),
(1151, 16, 'CSS10', 2),
(1152, 16, 'CSS11', 2),
(1153, 16, 'CSS12', 2),
(1154, 16, 'CSS13', 2),
(1155, 16, 'CSS14', 2),
(1156, 16, 'CSS15', 2),
(1157, 16, 'CSS16', 2),
(1158, 16, 'CSS17', 2),
(1159, 16, 'CSS18', 2),
(1160, 16, 'CSS19', 2),
(1161, 17, 'HTML0', 2),
(1162, 17, 'HTML1', 2),
(1163, 17, 'HTML2', 2),
(1164, 17, 'HTML3', 2),
(1165, 17, 'HTML4', 2),
(1166, 17, 'HTML5', 2),
(1167, 17, 'HTML6', 2),
(1168, 17, 'HTML7', 2),
(1169, 17, 'HTML8', 2),
(1170, 17, 'HTML9', 2),
(1171, 17, 'HTML10', 2),
(1172, 17, 'HTML11', 2),
(1173, 17, 'HTML12', 2),
(1174, 17, 'HTML13', 2),
(1175, 17, 'HTML14', 2),
(1176, 17, 'HTML15', 2),
(1177, 17, 'HTML16', 2),
(1178, 17, 'HTML17', 2),
(1179, 17, 'HTML18', 2),
(1180, 17, 'HTML19', 2),
(1181, 18, 'CSS0', 2),
(1182, 18, 'CSS1', 2),
(1183, 18, 'CSS2', 2),
(1184, 18, 'CSS3', 2),
(1185, 18, 'CSS4', 2),
(1186, 18, 'CSS5', 2),
(1187, 18, 'CSS6', 2),
(1188, 18, 'CSS7', 2),
(1189, 18, 'CSS8', 2),
(1190, 18, 'CSS9', 2),
(1191, 18, 'CSS10', 2),
(1192, 18, 'CSS11', 2),
(1193, 18, 'CSS12', 2),
(1194, 18, 'CSS13', 2),
(1195, 18, 'CSS14', 2),
(1196, 18, 'CSS15', 2),
(1197, 18, 'CSS16', 2),
(1198, 18, 'CSS17', 2),
(1199, 18, 'CSS18', 2),
(1200, 18, 'CSS19', 2),
(1201, 19, 'HTML0', 2),
(1202, 19, 'HTML1', 2),
(1203, 19, 'HTML2', 2),
(1204, 19, 'HTML3', 2),
(1205, 19, 'HTML4', 2),
(1206, 19, 'HTML5', 2),
(1207, 19, 'HTML6', 2),
(1208, 19, 'HTML7', 2),
(1209, 19, 'HTML8', 2),
(1210, 19, 'HTML9', 2),
(1211, 19, 'HTML10', 2),
(1212, 19, 'HTML11', 2),
(1213, 19, 'HTML12', 2),
(1214, 19, 'HTML13', 2),
(1215, 19, 'HTML14', 2),
(1216, 19, 'HTML15', 2),
(1217, 19, 'HTML16', 2),
(1218, 19, 'HTML17', 2),
(1219, 19, 'HTML18', 2),
(1220, 19, 'HTML19', 2),
(1221, 20, 'CSS0', 2),
(1222, 20, 'CSS1', 2),
(1223, 20, 'CSS2', 2),
(1224, 20, 'CSS3', 2),
(1225, 20, 'CSS4', 2),
(1226, 20, 'CSS5', 2),
(1227, 20, 'CSS6', 2),
(1228, 20, 'CSS7', 2),
(1229, 20, 'CSS8', 2),
(1230, 20, 'CSS9', 2),
(1231, 20, 'CSS10', 2),
(1232, 20, 'CSS11', 2),
(1233, 20, 'CSS12', 2),
(1234, 20, 'CSS13', 2),
(1235, 20, 'CSS14', 2),
(1236, 20, 'CSS15', 2),
(1237, 20, 'CSS16', 2),
(1238, 20, 'CSS17', 2),
(1239, 20, 'CSS18', 2),
(1240, 20, 'CSS19', 2),
(1241, 5, 'HTML0', 2),
(1242, 5, 'HTML1', 2),
(1243, 5, 'HTML2', 2),
(1244, 5, 'HTML3', 2),
(1245, 5, 'HTML4', 2),
(1246, 5, 'HTML5', 2),
(1247, 5, 'HTML6', 2),
(1248, 5, 'HTML7', 2),
(1249, 5, 'HTML8', 2),
(1250, 5, 'HTML9', 2),
(1251, 5, 'HTML10', 2),
(1252, 5, 'HTML11', 2),
(1253, 5, 'HTML12', 2),
(1254, 5, 'HTML13', 2),
(1255, 5, 'HTML14', 2),
(1256, 5, 'HTML15', 2),
(1257, 5, 'HTML16', 2),
(1258, 5, 'HTML17', 2),
(1259, 5, 'HTML18', 2),
(1260, 5, 'HTML19', 2),
(1261, 1, 'HTML0', 2),
(1262, 1, 'HTML1', 2),
(1263, 1, 'HTML2', 2),
(1264, 1, 'HTML3', 2),
(1265, 1, 'HTML4', 2),
(1266, 1, 'HTML5', 2),
(1267, 1, 'HTML6', 2),
(1268, 1, 'HTML7', 2),
(1269, 1, 'HTML8', 2),
(1270, 1, 'HTML9', 2),
(1271, 1, 'HTML10', 2),
(1272, 1, 'HTML11', 2),
(1273, 1, 'HTML12', 2),
(1274, 1, 'HTML13', 2),
(1275, 1, 'HTML14', 2),
(1276, 1, 'HTML15', 2),
(1277, 1, 'HTML16', 2),
(1278, 1, 'HTML17', 2),
(1279, 1, 'HTML18', 2),
(1280, 1, 'HTML19', 2),
(1281, 2, 'CSS0', 2),
(1282, 2, 'CSS1', 2),
(1283, 2, 'CSS2', 2),
(1284, 2, 'CSS3', 2),
(1285, 2, 'CSS4', 2),
(1286, 2, 'CSS5', 2),
(1287, 2, 'CSS6', 2),
(1288, 2, 'CSS7', 2),
(1289, 2, 'CSS8', 2),
(1290, 2, 'CSS9', 2),
(1291, 2, 'CSS10', 2),
(1292, 2, 'CSS11', 2),
(1293, 2, 'CSS12', 2),
(1294, 2, 'CSS13', 2),
(1295, 2, 'CSS14', 2),
(1296, 2, 'CSS15', 2),
(1297, 2, 'CSS16', 2),
(1298, 2, 'CSS17', 2),
(1299, 2, 'CSS18', 2),
(1300, 2, 'CSS19', 2),
(1301, 3, 'HTML0', 2),
(1302, 3, 'HTML1', 2),
(1303, 3, 'HTML2', 2),
(1304, 3, 'HTML3', 2),
(1305, 3, 'HTML4', 2),
(1306, 3, 'HTML5', 2),
(1307, 3, 'HTML6', 2),
(1308, 3, 'HTML7', 2),
(1309, 3, 'HTML8', 2),
(1310, 3, 'HTML9', 2),
(1311, 3, 'HTML10', 2),
(1312, 3, 'HTML11', 2),
(1313, 3, 'HTML12', 2),
(1314, 3, 'HTML13', 2),
(1315, 3, 'HTML14', 2),
(1316, 3, 'HTML15', 2),
(1317, 3, 'HTML16', 2),
(1318, 3, 'HTML17', 2),
(1319, 3, 'HTML18', 2),
(1320, 3, 'HTML19', 2),
(1321, 4, 'CSS0', 2),
(1322, 4, 'CSS1', 2),
(1323, 4, 'CSS2', 2),
(1324, 4, 'CSS3', 2),
(1325, 4, 'CSS4', 2),
(1326, 4, 'CSS5', 2),
(1327, 4, 'CSS6', 2),
(1328, 4, 'CSS7', 2),
(1329, 4, 'CSS8', 2),
(1330, 4, 'CSS9', 2),
(1331, 4, 'CSS10', 2),
(1332, 4, 'CSS11', 2),
(1333, 4, 'CSS12', 2),
(1334, 4, 'CSS13', 2),
(1335, 4, 'CSS14', 2),
(1336, 4, 'CSS15', 2),
(1337, 4, 'CSS16', 2),
(1338, 4, 'CSS17', 2),
(1339, 4, 'CSS18', 2),
(1340, 4, 'CSS19', 2),
(1341, 5, 'HTML0', 2),
(1342, 5, 'HTML1', 2),
(1343, 5, 'HTML2', 2),
(1344, 5, 'HTML3', 2),
(1345, 5, 'HTML4', 2),
(1346, 5, 'HTML5', 2),
(1347, 5, 'HTML6', 2),
(1348, 5, 'HTML7', 2),
(1349, 5, 'HTML8', 2),
(1350, 5, 'HTML9', 2),
(1351, 5, 'HTML10', 2),
(1352, 5, 'HTML11', 2),
(1353, 5, 'HTML12', 2),
(1354, 5, 'HTML13', 2),
(1355, 5, 'HTML14', 2),
(1356, 5, 'HTML15', 2),
(1357, 5, 'HTML16', 2),
(1358, 5, 'HTML17', 2),
(1359, 5, 'HTML18', 2),
(1360, 5, 'HTML19', 2),
(1361, 6, 'CSS0', 2),
(1362, 6, 'CSS1', 2),
(1363, 6, 'CSS2', 2),
(1364, 6, 'CSS3', 2),
(1365, 6, 'CSS4', 2),
(1366, 6, 'CSS5', 2),
(1367, 6, 'CSS6', 2),
(1368, 6, 'CSS7', 2),
(1369, 6, 'CSS8', 2),
(1370, 6, 'CSS9', 2),
(1371, 6, 'CSS10', 2),
(1372, 6, 'CSS11', 2),
(1373, 6, 'CSS12', 2),
(1374, 6, 'CSS13', 2),
(1375, 6, 'CSS14', 2),
(1376, 6, 'CSS15', 2),
(1377, 6, 'CSS16', 2),
(1378, 6, 'CSS17', 2),
(1379, 6, 'CSS18', 2),
(1380, 6, 'CSS19', 2),
(1381, 7, 'HTML0', 2),
(1382, 7, 'HTML1', 2),
(1383, 7, 'HTML2', 2),
(1384, 7, 'HTML3', 2),
(1385, 7, 'HTML4', 2),
(1386, 7, 'HTML5', 2),
(1387, 7, 'HTML6', 2),
(1388, 7, 'HTML7', 2),
(1389, 7, 'HTML8', 2),
(1390, 7, 'HTML9', 2),
(1391, 7, 'HTML10', 2),
(1392, 7, 'HTML11', 2),
(1393, 7, 'HTML12', 2),
(1394, 7, 'HTML13', 2),
(1395, 7, 'HTML14', 2),
(1396, 7, 'HTML15', 2),
(1397, 7, 'HTML16', 2),
(1398, 7, 'HTML17', 2),
(1399, 7, 'HTML18', 2),
(1400, 7, 'HTML19', 2),
(1401, 8, 'CSS0', 2),
(1402, 8, 'CSS1', 2),
(1403, 8, 'CSS2', 2),
(1404, 8, 'CSS3', 2),
(1405, 8, 'CSS4', 2),
(1406, 8, 'CSS5', 2),
(1407, 8, 'CSS6', 2),
(1408, 8, 'CSS7', 2),
(1409, 8, 'CSS8', 2),
(1410, 8, 'CSS9', 2),
(1411, 8, 'CSS10', 2),
(1412, 8, 'CSS11', 2),
(1413, 8, 'CSS12', 2),
(1414, 8, 'CSS13', 2),
(1415, 8, 'CSS14', 2),
(1416, 8, 'CSS15', 2),
(1417, 8, 'CSS16', 2),
(1418, 8, 'CSS17', 2),
(1419, 8, 'CSS18', 2),
(1420, 8, 'CSS19', 2),
(1421, 9, 'HTML0', 2),
(1422, 9, 'HTML1', 2),
(1423, 9, 'HTML2', 2),
(1424, 9, 'HTML3', 2),
(1425, 9, 'HTML4', 2),
(1426, 9, 'HTML5', 2),
(1427, 9, 'HTML6', 2),
(1428, 9, 'HTML7', 2),
(1429, 9, 'HTML8', 2),
(1430, 9, 'HTML9', 2),
(1431, 9, 'HTML10', 2),
(1432, 9, 'HTML11', 2),
(1433, 9, 'HTML12', 2),
(1434, 9, 'HTML13', 2),
(1435, 9, 'HTML14', 2),
(1436, 9, 'HTML15', 2),
(1437, 9, 'HTML16', 2),
(1438, 9, 'HTML17', 2),
(1439, 9, 'HTML18', 2),
(1440, 9, 'HTML19', 2),
(1441, 10, 'CSS0', 2),
(1442, 10, 'CSS1', 2),
(1443, 10, 'CSS2', 2),
(1444, 10, 'CSS3', 2),
(1445, 10, 'CSS4', 2),
(1446, 10, 'CSS5', 2),
(1447, 10, 'CSS6', 2),
(1448, 10, 'CSS7', 2),
(1449, 10, 'CSS8', 2),
(1450, 10, 'CSS9', 2),
(1451, 10, 'CSS10', 2),
(1452, 10, 'CSS11', 2),
(1453, 10, 'CSS12', 2),
(1454, 10, 'CSS13', 2),
(1455, 10, 'CSS14', 2),
(1456, 10, 'CSS15', 2),
(1457, 10, 'CSS16', 2),
(1458, 10, 'CSS17', 2),
(1459, 10, 'CSS18', 2),
(1460, 10, 'CSS19', 2),
(1461, 11, 'HTML0', 2),
(1462, 11, 'HTML1', 2),
(1463, 11, 'HTML2', 2),
(1464, 11, 'HTML3', 2),
(1465, 11, 'HTML4', 2),
(1466, 11, 'HTML5', 2),
(1467, 11, 'HTML6', 2),
(1468, 11, 'HTML7', 2),
(1469, 11, 'HTML8', 2),
(1470, 11, 'HTML9', 2),
(1471, 11, 'HTML10', 2),
(1472, 11, 'HTML11', 2),
(1473, 11, 'HTML12', 2),
(1474, 11, 'HTML13', 2),
(1475, 11, 'HTML14', 2),
(1476, 11, 'HTML15', 2),
(1477, 11, 'HTML16', 2),
(1478, 11, 'HTML17', 2),
(1479, 11, 'HTML18', 2),
(1480, 11, 'HTML19', 2),
(1481, 12, 'CSS0', 2),
(1482, 12, 'CSS1', 2),
(1483, 12, 'CSS2', 2),
(1484, 12, 'CSS3', 2),
(1485, 12, 'CSS4', 2),
(1486, 12, 'CSS5', 2),
(1487, 12, 'CSS6', 2),
(1488, 12, 'CSS7', 2),
(1489, 12, 'CSS8', 2),
(1490, 12, 'CSS9', 2),
(1491, 12, 'CSS10', 2),
(1492, 12, 'CSS11', 2),
(1493, 12, 'CSS12', 2),
(1494, 12, 'CSS13', 2),
(1495, 12, 'CSS14', 2),
(1496, 12, 'CSS15', 2),
(1497, 12, 'CSS16', 2),
(1498, 12, 'CSS17', 2),
(1499, 12, 'CSS18', 2),
(1500, 12, 'CSS19', 2),
(1501, 13, 'HTML0', 2),
(1502, 13, 'HTML1', 2),
(1503, 13, 'HTML2', 2),
(1504, 13, 'HTML3', 2),
(1505, 13, 'HTML4', 2),
(1506, 13, 'HTML5', 2),
(1507, 13, 'HTML6', 2),
(1508, 13, 'HTML7', 2),
(1509, 13, 'HTML8', 2),
(1510, 13, 'HTML9', 2);

-- --------------------------------------------------------

--
-- Table structure for table `turtorial_views`
--

CREATE TABLE `turtorial_views` (
  `id` int(10) NOT NULL,
  `static_view` int(10) NOT NULL,
  `unique_view` int(10) NOT NULL
) ENGINE=InnoDB DEFAULT CHARSET=utf8;

--
-- Dumping data for table `turtorial_views`
--

INSERT INTO `turtorial_views` (`id`, `static_view`, `unique_view`) VALUES
(1, 89370581, 2380),
(2, 81841868, 7153),
(3, 76996742, 5703),
(4, 35061180, 3860),
(5, 38929802, 5673),
(6, 43642627, 7230),
(7, 14331041, 3602),
(8, 66791055, 9471),
(9, 12060894, 7143),
(10, 13098631, 3095),
(11, 56656003, 3205),
(12, 42892438, 1905),
(13, 90832150, 562),
(14, 16474484, 124),
(15, 74733994, 983),
(16, 79628976, 7508),
(17, 48040188, 8603),
(18, 79414650, 4169),
(19, 76322349, 9774),
(20, 23749054, 5301),
(21, 94628298, 3776),
(22, 44088826, 3544),
(23, 61502879, 9147),
(24, 74196037, 6871),
(25, 56749314, 1096),
(26, 68941678, 6390),
(27, 4048972, 2660),
(28, 40717758, 7819),
(29, 90979392, 3462),
(30, 35402966, 2206),
(31, 79737916, 7939),
(32, 84597526, 7086),
(33, 94404111, 4997),
(34, 22177700, 9728),
(35, 67354426, 6569),
(36, 5925108, 4812),
(37, 22113833, 1957),
(38, 14937237, 7167),
(39, 30831883, 7059),
(40, 72490791, 3123),
(41, 59956617, 8306),
(42, 54871117, 4631),
(43, 46458280, 6278),
(44, 75573430, 1611),
(45, 40751458, 9192),
(46, 52173637, 8119),
(47, 33324420, 4498),
(48, 89642048, 7920),
(49, 58849308, 5280),
(50, 42858338, 9203),
(51, 18725989, 3812),
(52, 66479992, 2414),
(53, 92782545, 4359),
(54, 17733013, 1968),
(55, 86759585, 6354),
(56, 13900193, 8575),
(57, 8874570, 1594),
(58, 11437246, 4895),
(59, 36462449, 4312),
(60, 98091273, 4779),
(61, 26115747, 6319),
(62, 53787328, 7121),
(63, 59118427, 1900),
(64, 23017729, 3361),
(65, 24892330, 7344),
(66, 88945139, 7043),
(67, 18186588, 7104),
(68, 77057338, 269),
(69, 45557726, 3744),
(70, 92593098, 1821),
(71, 77193711, 4415),
(72, 67620071, 2930),
(73, 17949858, 8304),
(74, 85372432, 8682),
(75, 43773353, 3151),
(76, 73017592, 1592),
(77, 51888187, 9402),
(78, 38265090, 7020),
(79, 13187967, 6643),
(80, 56258971, 3419),
(81, 48900344, 8343),
(82, 33623055, 2664),
(83, 27391854, 9205),
(84, 84096815, 3390),
(85, 40307378, 8188),
(86, 57099962, 3954),
(87, 56751270, 9791),
(88, 4157193, 1873),
(89, 25733412, 166),
(90, 3471455, 9281),
(91, 29450794, 8741),
(92, 5105177, 1660),
(93, 19980152, 6666),
(94, 65849401, 9254),
(95, 36205095, 2870),
(96, 87626564, 9734),
(97, 25482519, 2905),
(98, 26988930, 8026),
(99, 87129027, 514),
(100, 41120953, 6567),
(101, 7294271, 8011),
(102, 85998576, 1531),
(103, 8434874, 2883),
(104, 50969331, 2962),
(105, 71311029, 7804),
(106, 23748516, 8565),
(107, 92571833, 3695),
(108, 48690242, 2456),
(109, 37309209, 6944),
(110, 86672086, 5085),
(111, 19962693, 7485),
(112, 31688777, 8522),
(113, 35009888, 1271),
(114, 50095591, 3161),
(115, 49302272, 1400),
(116, 91364578, 6776),
(117, 14743236, 5203),
(118, 95698182, 5563),
(119, 47393674, 2347),
(120, 63748179, 9338),
(121, 98221255, 258),
(122, 15313518, 9869),
(123, 31151884, 5900),
(124, 1012905, 3005),
(125, 16068607, 5375),
(126, 89834014, 8632),
(127, 77901264, 9056),
(128, 7351111, 8474),
(129, 53459321, 1315),
(130, 7817804, 8489),
(131, 59186062, 4446),
(132, 70540145, 2186),
(133, 71375978, 6464),
(134, 18685634, 717),
(135, 72877145, 7158),
(136, 84878584, 6861),
(137, 19944112, 3158),
(138, 42596492, 7250),
(139, 29479955, 6804),
(140, 84529006, 7453),
(141, 46569203, 9938),
(142, 19686811, 9671),
(143, 41607581, 6475),
(144, 6483375, 6706),
(145, 81588479, 3153),
(146, 9552685, 4784),
(147, 34935428, 1953),
(148, 46482237, 6445),
(149, 81559272, 7639),
(150, 18294380, 6185),
(151, 60249345, 5568),
(152, 96240373, 4172),
(153, 87293177, 1295),
(154, 59645551, 1124),
(155, 92205446, 1194),
(156, 14033612, 1541),
(157, 68347051, 9858),
(158, 85910879, 5856),
(159, 30254296, 7519),
(160, 20538286, 8641),
(161, 16615305, 9576),
(162, 30413121, 7319),
(163, 1580021, 2545),
(164, 77716757, 4726),
(165, 35582934, 9088),
(166, 43199481, 3026),
(167, 36136542, 3198),
(168, 89671096, 7879),
(169, 2191523, 2409),
(170, 98899738, 4058),
(171, 99500729, 7750),
(172, 16540609, 6007),
(173, 23333691, 6910),
(174, 98486661, 3076),
(175, 94410074, 8120),
(176, 87869042, 2264),
(177, 58805845, 7707),
(178, 13632593, 1399),
(179, 38906162, 8576),
(180, 77811994, 2692),
(181, 89972936, 9232),
(182, 17546078, 3917),
(183, 71676417, 8100),
(184, 64095507, 304),
(185, 82562053, 9296),
(186, 69860493, 7883),
(187, 29126161, 9807),
(188, 31876534, 1735),
(189, 39972922, 4127),
(190, 53427400, 2912),
(191, 77068499, 1043),
(192, 48387677, 345),
(193, 80052867, 7028),
(194, 62193705, 475),
(195, 17281005, 9623),
(196, 99171001, 3900),
(197, 54656951, 8839),
(198, 4207141, 5257),
(199, 37992388, 4787),
(200, 55582415, 9383),
(201, 22340989, 4570),
(202, 73069054, 8761),
(203, 46513874, 9738),
(204, 23398467, 3520),
(205, 42297762, 2186),
(206, 74245220, 6146),
(207, 95093456, 2705),
(208, 87765574, 867),
(209, 6642956, 6456),
(210, 79401517, 4563),
(211, 55329702, 2384),
(212, 60240819, 6499),
(213, 48072320, 2820),
(214, 38696849, 6988),
(215, 66384951, 9208),
(216, 74163570, 2043),
(217, 66715396, 7363),
(218, 90902884, 7417),
(219, 9820462, 1107),
(220, 66177612, 9113),
(221, 7233445, 4296),
(222, 39090212, 6612),
(223, 82079499, 2392),
(224, 75977492, 1975),
(225, 34786140, 2762),
(226, 59768155, 245),
(227, 84399083, 9735),
(228, 35480366, 5915),
(229, 22178687, 6114),
(230, 54599942, 3291),
(231, 67297583, 9388),
(232, 81037683, 4674),
(233, 2889687, 4153),
(234, 42259365, 660),
(235, 68557981, 5438),
(236, 57412876, 6067),
(237, 483763, 7632),
(238, 12367504, 3126),
(239, 19445030, 1281),
(240, 7493725, 8384),
(241, 68852563, 205),
(242, 89399790, 1005),
(243, 40085188, 9303),
(244, 34101722, 8095),
(245, 73797856, 1528),
(246, 69771580, 8246),
(247, 91154832, 2980),
(248, 4321465, 222),
(249, 91969387, 7564),
(250, 50157653, 6360),
(251, 75349714, 8298),
(252, 56018258, 5407),
(253, 53568879, 8574),
(254, 98639868, 6542),
(255, 49297375, 3169),
(256, 13327798, 8348),
(257, 15025749, 5555),
(258, 14039280, 1041),
(259, 2858467, 1580),
(260, 84655946, 6440),
(261, 70251188, 8707),
(262, 40322880, 3109),
(263, 24960332, 1718),
(264, 62432203, 306),
(265, 1885661, 8976),
(266, 11245363, 1468),
(267, 11772104, 7741),
(268, 47659958, 6348),
(269, 5832436, 7823),
(270, 67397287, 9161),
(271, 57311790, 2545),
(272, 18367726, 7441),
(273, 85369533, 6799),
(274, 22609336, 7890),
(275, 29336880, 7887),
(276, 47571790, 1357),
(277, 9986197, 5517),
(278, 70590037, 2469),
(279, 92131943, 2262),
(280, 67682115, 9112),
(281, 19855440, 5994),
(282, 65590423, 4149),
(283, 24196782, 9988),
(284, 41898487, 7049),
(285, 78916407, 9342),
(286, 87904497, 8063),
(287, 59222627, 3515),
(288, 68605726, 1864),
(289, 30726228, 432),
(290, 70462999, 571),
(291, 63326013, 8470),
(292, 33985610, 5433),
(293, 25161636, 5056),
(294, 27607725, 3940),
(295, 40368559, 4941),
(296, 45626053, 8560),
(297, 60155817, 5173),
(298, 33863683, 1619),
(299, 59890794, 4498),
(300, 57159036, 5420),
(301, 21027789, 6661),
(302, 36463576, 7146),
(303, 90202295, 3076),
(304, 50179120, 2668),
(305, 21293652, 906),
(306, 38142284, 5373),
(307, 29308953, 2708),
(308, 31001565, 6928),
(309, 80022634, 3461),
(310, 65157456, 5000),
(311, 4823753, 246),
(312, 24947011, 7669),
(313, 82906879, 8925),
(314, 52302786, 3092),
(315, 59063335, 9705),
(316, 26127627, 8401),
(317, 21405280, 9129),
(318, 92053495, 4627),
(319, 32361952, 9210),
(320, 32205569, 6484),
(321, 14162350, 2232),
(322, 78915176, 278),
(323, 65855562, 5952),
(324, 98078516, 7495),
(325, 63074974, 8775),
(326, 43605171, 462),
(327, 5851800, 5129),
(328, 2469586, 6692),
(329, 71442400, 496),
(330, 39046557, 3156),
(331, 6650714, 8791),
(332, 15917451, 4673),
(333, 74717411, 1673),
(334, 48759710, 9446),
(335, 30856929, 1266),
(336, 32801732, 4468),
(337, 90246058, 1200),
(338, 66505475, 5502),
(339, 72107014, 8999),
(340, 10745380, 2911),
(341, 54034383, 7511),
(342, 85933722, 8025),
(343, 80841245, 6209),
(344, 18994102, 4456),
(345, 14679517, 9487),
(346, 18328184, 4861),
(347, 14284156, 603),
(348, 67878658, 9709),
(349, 71291460, 5842),
(350, 34498093, 7675),
(351, 92177511, 7103),
(352, 97829142, 8023),
(353, 354904, 3647),
(354, 4360037, 7379),
(355, 99360113, 4180),
(356, 43562283, 1117),
(357, 65912260, 2675),
(358, 41725745, 7104),
(359, 84724974, 2865),
(360, 36303706, 5769),
(361, 25363821, 1768),
(362, 49680977, 5410),
(363, 66251541, 6657),
(364, 89729793, 1758),
(365, 73345504, 5929),
(366, 63205913, 6103),
(367, 45367522, 4576),
(368, 87730902, 8749),
(369, 13557877, 9377),
(370, 96095148, 6309),
(371, 77869079, 5138),
(372, 62934909, 2650),
(373, 36532925, 9701),
(374, 12300253, 8351),
(375, 5645931, 6223),
(376, 53554370, 8754),
(377, 91889633, 7568),
(378, 75703651, 6707),
(379, 65281928, 368),
(380, 7657751, 1492),
(381, 57931007, 8116),
(382, 27014326, 3658),
(383, 68711434, 5528),
(384, 86515818, 2391),
(385, 31765951, 3491),
(386, 30012719, 554),
(387, 81591807, 8775),
(388, 53499491, 6331),
(389, 61095856, 1224),
(390, 20655264, 9161),
(391, 65008456, 841),
(392, 96188691, 2692),
(393, 63149129, 9950),
(394, 83839758, 4945),
(395, 31399497, 7046),
(396, 21895863, 6265),
(397, 23591810, 1989),
(398, 68739772, 7838),
(399, 83510767, 3220),
(400, 25344787, 2271),
(401, 91489235, 8028),
(402, 61703206, 9026),
(403, 56838971, 1795),
(404, 25557223, 8199),
(405, 97996450, 5051),
(406, 21825256, 3227),
(407, 22364510, 5698),
(408, 47886430, 7532),
(409, 92952078, 2224),
(410, 28686920, 6205),
(411, 88904267, 4424),
(412, 51814487, 9310),
(413, 55787617, 9187),
(414, 86847040, 720),
(415, 47881216, 5903),
(416, 49385658, 9946),
(417, 21360877, 4496),
(418, 54360901, 5774),
(419, 52644748, 8453),
(420, 89654619, 2221),
(421, 14634480, 9750),
(422, 23143129, 4125),
(423, 51704556, 1995),
(424, 50714065, 5232),
(425, 17080545, 751),
(426, 83791138, 2838),
(427, 95127838, 4195),
(428, 17769354, 9375),
(429, 98789405, 3384),
(430, 64576078, 9961),
(431, 5856551, 2003),
(432, 78520431, 886),
(433, 66804659, 412),
(434, 81603074, 7406),
(435, 76551511, 2449),
(436, 64592565, 1933),
(437, 17165310, 3539),
(438, 67866908, 8129),
(439, 82525211, 3093),
(440, 47292290, 3074),
(441, 92906881, 4494),
(442, 95226946, 6263),
(443, 27668693, 7737),
(444, 53570147, 9769),
(445, 48171228, 953),
(446, 64479224, 4893),
(447, 46631731, 8100),
(448, 78167986, 4400),
(449, 84000959, 4158),
(450, 61655806, 5720),
(451, 28983754, 5163),
(452, 50202524, 9333),
(453, 83262389, 3449),
(454, 47896386, 8350),
(455, 73630947, 1646),
(456, 1950656, 7917),
(457, 92450039, 3118),
(458, 61660661, 208),
(459, 70297970, 3559),
(460, 86919380, 111),
(461, 36590012, 4910),
(462, 52102363, 5551),
(463, 9940327, 3577),
(464, 70666798, 8333),
(465, 14106160, 5396),
(466, 49979006, 2030),
(467, 85681797, 4253),
(468, 87423537, 4516),
(469, 21162997, 1625),
(470, 16122209, 3715),
(471, 90155510, 1017),
(472, 45218909, 4606),
(473, 63543247, 5367),
(474, 1756589, 4109),
(475, 56101694, 5795),
(476, 35529436, 8851),
(477, 83018071, 1950),
(478, 74953619, 4642),
(479, 79461963, 179),
(480, 54998579, 115),
(481, 16745590, 9341),
(482, 3047919, 2867),
(483, 92361910, 7002),
(484, 22565852, 8012),
(485, 40904113, 4907),
(486, 82119310, 865),
(487, 38600781, 6057),
(488, 49717509, 8550),
(489, 14772163, 6701),
(490, 54336992, 9944),
(491, 34287401, 8100),
(492, 23196468, 424),
(493, 92346424, 7901),
(494, 29972285, 4301),
(495, 50276729, 7378),
(496, 86267472, 3787),
(497, 67361429, 6426),
(498, 52248659, 2723),
(499, 91497762, 1335),
(500, 50453790, 288),
(501, 72945940, 300),
(502, 63850180, 7463),
(503, 31880623, 5338),
(504, 74086188, 2310),
(505, 76649348, 1639),
(506, 85366968, 3074);

-- --------------------------------------------------------

--
-- Table structure for table `users`
--

CREATE TABLE `users` (
  `id` int(10) NOT NULL,
  `name` varchar(225) NOT NULL,
  `creator` int(10) NOT NULL,
  `email` varchar(225) NOT NULL,
  `password` varchar(225) NOT NULL
) ENGINE=InnoDB DEFAULT CHARSET=utf8;

--
-- Dumping data for table `users`
--

INSERT INTO `users` (`id`, `name`, `creator`, `email`, `password`) VALUES
(1, 'Waiferkolar', 0, 'waiferkolar@gmail.com', '123123'),
(2, 'Mg Mg', 1, 'mgmg@gmail.com', '123123'),
(3, 'Tun Tun', 1, 'tuntun@gmail.com', '123123'),
(4, 'Su Su', 1, 'susu@gmail.com', '123123'),
(5, 'Micheal', 2, 'micheal@gmail.com', '123123'),
(6, 'Jnanatan', 2, 'jnanatan@gmail.com', '123123'),
(7, 'louis', 2, 'louis@gmail.com', '123123'),
(8, 'Chanung Chaung', 3, 'chaungchanung@gmail.com', '123123'),
(9, 'Jetli', 1, 'jetli@gmail.com', '123123'),
(10, 'Jackichan', 1, 'Jackichan@gmail.com', '123123'),
(11, 'Iron Man', 1, 'ironman@gmail.com', '123123'),
(12, 'Bet Man', 4, 'betm@gmail.com', '123123'),
(13, 'Super Man', 4, 'superman@gmail.com', '123123');

--
-- Indexes for dumped tables
--

--
-- Indexes for table `subjects`
--
ALTER TABLE `subjects`
  ADD PRIMARY KEY (`id`);

--
-- Indexes for table `turtorials`
--
ALTER TABLE `turtorials`
  ADD PRIMARY KEY (`id`);

--
-- Indexes for table `turtorial_views`
--
ALTER TABLE `turtorial_views`
  ADD PRIMARY KEY (`id`);

--
-- Indexes for table `users`
--
ALTER TABLE `users`
  ADD PRIMARY KEY (`id`),
  ADD UNIQUE KEY `email` (`email`);

--
-- AUTO_INCREMENT for dumped tables
--

--
-- AUTO_INCREMENT for table `subjects`
--
ALTER TABLE `subjects`
  MODIFY `id` int(10) NOT NULL AUTO_INCREMENT, AUTO_INCREMENT=61;

--
-- AUTO_INCREMENT for table `turtorials`
--
ALTER TABLE `turtorials`
  MODIFY `id` int(10) NOT NULL AUTO_INCREMENT, AUTO_INCREMENT=1511;

--
-- AUTO_INCREMENT for table `users`
--
ALTER TABLE `users`
  MODIFY `id` int(10) NOT NULL AUTO_INCREMENT, AUTO_INCREMENT=14;
COMMIT;

/*!40101 SET CHARACTER_SET_CLIENT=@OLD_CHARACTER_SET_CLIENT */;
/*!40101 SET CHARACTER_SET_RESULTS=@OLD_CHARACTER_SET_RESULTS */;
/*!40101 SET COLLATION_CONNECTION=@OLD_COLLATION_CONNECTION */;
